,Language,alder,ancestor,angle,ant,apple,arm,arse,aspen,axe,barley,battle,beam,"beam, bridge",bean,bear,beard,beast,bee,beech,beer,belly,berry,birch,bird,bison,blackberry,blood,boar,body,bone,bonfire,bow,bowels,brain,branch,breast,breathe,brother,brother's wife,brother-in-law's wife,brow,butter,buttock,cereal,cheek,cheese,cherry,chin,copy,corn,corner,corpse,cow,cow/bull,crane,cream,crow,cub,daughter,daughter-in-law,dawn,day,"dead person, death",dog,door,dry,duck,dust,dwelling,eagle,ear,earth,eel,egg,elbow,elm,evening,excrement,eye,farrow,father,father-/mother-in-law,"fault, sin",fear,fee,field,fire,fish,flax,flea,flesh,fly,foam,foot,forearm,fort,fox,gland,glue,goat,"god, i.e. 'shining'",goose,grandfather/mother's brother,grandson/nephew,grass,grease,grouse,grub,hail,hair,half,hand,harvest,hate,hazel,head,heart,hedgehog,heel,hide,honey,hook,horn,hornbeam/oak,horror,horse,house,husband's brother,ice,intestines,jaw,kidney,kneecap,lake,lamb,lap,law,ledge->tooth,leg,light/bright,lighting/strike,lightning,lip,liver,louse,louse (egg),lung,lynx,man,maple,mattock,mead,meat,metal,milk,millstone,mist,moon/month,mother,mount,mouse,mouth,nail,name,navel,neck,nest,night,northwind,nose,nut,oak,oats,onion,otter,"ox, bull",part,pea,penis,people,person,pine,pond,pouch,power,"power, strength",price,ram,raven,reed,resin,rib,river,road,root,ruler,rye,salmon,salt,sea,sheep,shell,shoulder,sinew,sister,skin,skull,sky/cloud,sleep,smoke,snake,snow,son,space,sparrow,spear/pike,spelt,spleen,spring,squirrel,staff,star,stick,stone,stranger/guest,summer,sun,swamp,sweat,swine,taste,tear,testicle,thorn,throat,thrush,thunder,tongue,tool,tooth,tortoise,"tree, wood",tribe,turnip,udder,victory,village,vital force,vulva,war,wasp,water,wax,wealth/cattle,wheat,wheel,wheel/chariot,whole,widow,winter,wolf,woman,womb,wool,worm,year,yesterday,yoke
0,Albaian,,,,,,,,,,,,,,,,,,,,,,,,,,,,,,,,,,,,,,,,,,,,,,,,,,,,,,,,,,,,,,,,,,,,,,,,,,,,,,,,,,,,,,,,,,,,,,,,,,,,,,,,,,,,,,,,,,,,,,,,,,SK,,,,,,,,,,,,,,,,,,,,,,,,,,,,,,,,,,,,,,,,,,,,,,,,,,,,,,,,,,,,,,,,,,,,,,,,,,,,,,,,,,,,,,,,,,,,,,,,,,,,,,,,,,,,,,,,,,,,,,,,,,,,,,,,,,,,,,,,,,,,,,,,,,
1,Albanian,,,,MR,,,,,SKS,,,,,P0,AR,,,PLT,,,,,,,TRSTK,,,,XKRP,AXT,,HRK,SR,,0K,KJ,AJ,FL,,,,KJLP,,,,KJS,KRX,MJKR,,,,,LP,PL,KRN,,SR,,,NS,,TT,,XK,TR,TR,,,,ARRL,FX,T,NKJL,F,LR,FT,,,S,,AT,FJHR,,,,,ANT,PXK,LR,PLXT,MX,MS,,PXT,,PRK,,ANKR,,,,,,NP,,,,KRMP,,,,,,,,,,AX,,MXN,MJLT,,SRKT,KRPKRPJ,,,,,,,,,,,,,,TMP,KR,,,,,,,0RJ,,,PR,,,,,,,,,MJ,AM,KR,M,,,AMR,,,,NT,,,AR,,,KRMT,LNTR,,,,,LNT,NJR,,LMN,,NJR,,,,,KLMM,,,,,RNJ,,,,KJLPSN,PRMJR,,,SP,,MTR,,KR,,KJM,,,,,,XPX,,,,,,,,,,,,L,,TJRS,0,TXR,,HRT,,,,,JH,KP,,,TR,,,,,FS,AX,PT,,ANS,AJ,,PL,,R0,SL,KJL,,TMR,AK,KR,,,,FJT,TJ,
2,Ancient Greek,,ANS,AKKN,MRMS,,AR0RN,AR,ASPRS,AKSN,S,,,,,ARKTS,,0R,,FKS,ALTM,A0RS,,,ATS,TRS,MRN,AR,,PRPS,ASTN,PR,ARK0S,KRT,,,ST0S,ANMS,FRTR,KLS,ANTR,AFRS,HLPS,,,JNS,,KRTN,,,,KN0S,,,PS,KRNS,,KRKS,,0KTR,NS,HS,,NKRS,KN,0R,TRSM,NS,,TRMNN,ARNN,AS,K0N,AKKLS,AN,ALN,,HSPRS,KK,AF0LMS,PRKS,PTR,HKRS,AKS,,MS0S,AKRS,,,LNN,SL,MNKKS,M,,PT,,,ALPKS,ATN,KL,ARFS,SS,KN,A,ANPSS,KN,SMRS,TTRN,,,PLKS,HMSS,MN,APR,KTS,,,KRTNKLXRT,AKNS,PTR,,JNTFMLTS,,KRS,,,,TMS,TR,,ATR,,,,AKRN,AMNS,,,KMFS,,LKS,,,,HPR,,KNS,PLMN,LKKS,,,,M0,KRS,,,,N0N,MN,MTR,TRS,MS,,ANHS,ANM,AMFLS,MNN,,NKS,,,ARN,KRTKS,AJLPS,KRMN,HTRS,,ATS,KRS,PS,AL0RS,,KLS,LKS,,ANR,PLXN,HNS,ARNN,,KLMS,,,,PNTS,RS,ARJN,,,HLS,,A,KKKS,KPS,PS,AR,PLS,KR,NFS,HPNS,0MS,,NF,HS,,SPRSN,AKLS,,SPLN,AR,,PKTR,ASTR,,AKMN,,,HLS,LTKS,HTRS,HS,JSS,TKR,ARKS,,,STR0S,,,SKPRNN,ATS,KLN,TRS,,RPS,A0R,,AKS,AN,,KRNS,,HTR,KRS,PK,PRS,,KKLS,HLS,A0S,KM,LKS,KN,PRFS,LNS,RMS,ATS,K0S,SKS
3,Ancient Macedonian,ALS,,,,,,,,,,,,,,,,,,,,,,,,,,,,,,,,,,,,,,,,APRTS,,,,KNT,,,,,,,,,,,,,,,,,,,,,,,,,,,,,,,,,,,,,,,,,,,,,,,,,ARJPS,,PRK,,,,,,,,,,,,,,,,,,,,,,,,,,,,KRPN,,,,,,,,,,,,,,KMPS,,,,,,,,,,,,KLNTRKN,,,,,,,,,,,,,,,,,,,,,,,,,,,,,,,,,,,,,,,,,,,,,,,,,,,,,,,,,,,,,,,,,,,,,,,,,,,,,,,,,,,,,,,,,,,,TRLS,,,,,,,,,,PT,,,,,,,,,,,,,,,,
4,Avestan,,,ANKPPSSMN,MR,,,,,,AF,,,,,ARSM,,,,,,ATRS,,,FS,STR,,,,KKRRFS,AST,,,,MSK,,FSTN,ANT,PRTR,,,,,SRN,AAFRN,SN,,,,,,,,,KS,,RN,,,TTR,,ASSTR,ASN,NST,SP,TFRRM,TRS,,PRS,,,AS,,,,ARRRN,,,,,,,SFSR,,,MST,,,,,,,,,PT,TS,PPRRSNT,ARPS,,,,TF,S,,NPT,,,,,,,,,,STR,,,SSRRT,,,MS,,,SRF,,KRRRM,,TM,,,,SFN,,,,,,ASTT,,,RKNT,,,,AKRR,,,,,FR,,,M,SRF,AN,SSFT,,SN,MN,MTR,KR,MS,AST,NKR,NMN,NP,MN,,,,N,,,,,ATR,AKSSN,AT,,,R,MNSS,,,,,,,,,,,PRRS,AFS,PNT,,RS,,,,,,,SPT,J,SFNR,,SR,NP,SFFN,,,SNS,HN,,,ASRR,,SPRSN,FNR,,,,,ASMN,,HM,FRR,,SFT,H,SS,ASRSN,RRS,,,,,HSF,,,,TR,,,,,FS,A,,,FSK,,,PS,,R,KKSR,HR,FF,SM,FRK,KKN,,FRRN,,,S,JK
5,Baltic Perkun,,,,,,,,,,,,,,,,,,,,,,,,,,,,,,,,,,,,,,,,,,,,,,,,,,,,,,,,,,,,,,,,,,,,,,,,,,,,,,,,,,,,,,,,,,,,,,,,,,,,,,,,,,,,,,,,,,,,,,,,,,,,,,,,,,,,,,,,,,,,,KTFSK,,,,,,,,,,,,,,,,,,,,,,,,,,,,,,,,,,,,,,,,,,,,,,,,,,,,,,,,,,,,,,,,,,,,,,,,,,,,,,,,,,,,,,,,,,,,,,,,,,,,,,,,,,,,,,,,,,,,,,,,,,,,,,,
6,Banuci,,,,,,,,,,,,,,,,,,,,,,,,,,,,,,,,,,,,,,,,,,,,,,,,,,,,,,,,,,,,,,,,,,,,,,,,,,,,,,,,,,,,,,,,,,,,,SPNX,,,,,,,,,,,,,,,,,,,,,,,,,,,,,,,,,,,,,,,,,,,,,,,,,,,,,,,,,,,,,,,,,,,,,,,,,,,,,,,,,,,,,,,,,,,,,,,,,,,,,,,,,,,,,,,,,,,,,,,,,,,,,,,,,,,,,,,,,,,,,,,,,,,,,,,,,,,,,,,,,,,,,,,,,,,,,,,
7,Breton,,,,,,,,,,,,,,,,,,,,,,,,,,,,,,,,,,,,,,,,,,,,,,,,,,,,,,,,,,,,,,,,,,,,,,,,,,,,,,,,,,,,,,,,,,,,,,,,,,,,,,,,,,,,,,,,,,,,,,,,,,,,,,,,,,,,,,,,,,,,,,,,,,,,,,,,,,,,,,,,,,,,,,,,,,,,,,,,,,,,,,,,,,,,,,,,,,,,,,,,,,,,,,,KRN,,,,,,,,,,,FLKK,,,,,,,,,,,,,,,,,,,,,,,,,,,,,,,,,,,,,,,,,,,,,,,,,,
8,Bulgarian,ALS,,,,,,,,,,,,,,,,,,,,,,,,,,,,,,,,,,,,,,,,,,,,,,,,,,,,,,,,,,TXTR,,,,,,,,,,,,,,,,,,,,,,,,,,,,,,,,,,,,,,,,,,,,,,,,,,,,,,,,,,,,,,,,,,,,,,,,,,,,,,,,,,,,,,,,,,,,,,,,,,,,,,,,,,,,,NST,,,,,,,,,,,,,,,,,,,,,,,,,,,,,,,,,,,,,,,,,,,,,,,,,,,,,,,,,,,,,,,,,,,,,,,,,,,,,,,,,,,,,,,,,,,,,,,,,,,,
9,Catalan,,,,,,,,,,,,,,,,,,,,,,,,,,,,,,,,,,,,,,,,,,,,,,,,,,,,,,,,,,,,,,,,,,,,,,,,,,,,,,,,,,,,,,,,,,,,,,,,,,,,,,,,NPT,,,,,,,,,,,,,,,,,,,,,,,,,,,,,,,,,,,,,,,,,,,,,,,,,,,,,,,,,,,,,,,,,,,,,,,,,,,,,,,,,,,,,,,,,,,,,,,,,,,,,,,,,,,,,,,,,,,,,,,,,,,,,,,,,,,,,,,,,,,,,,,,,,,,,,,,,,,,,,,,,,,,
10,Cornish,,,,,,,,,,,,,,,,,,,,,,,,,,,,,,,,,,,,,,,,,,,,,,,,,,,,,,,,,,,,,,,,,,,,,,,,,,,,,,,,,,,,,,,,,,,,,,,,,,,,,,,,,,,,,,,,,,,,,,,,,,,,,,,,,,,,,,,,,,,,,,,,,,,,,,,,,,,,,,,,,,,,,,,,,,,,,,,,,,,,,,,,,,,,,,,,,,,,,,,,,,,,,,,,,,,,,,,,,,,,,,,,,,,,,,,,,,,,,,,,,,,,,,,,,,,,,,,,,,,,,,,,,,KS,,
11,Crimean Gothic,,,,MR,,,,,,,,,,,,PRS,,,,,,,,,,,,,,,,,,,,,,,,,,,,,,,,,,,,,,,,,,,,XS,,,,,,,,,,,,,,AT,,,,,,,,,,,,,,,,,,,,,,,,,,,,,,,,,,,,,,,,,,,,,,,,,,,,,,,,,,,,,,,,,,,,,,,,,,,,,,,,,,,,,,,,,,,,,,,,,,,,,,,,,,,,,,,,,,,,,,,,,,,,,,,,,,,,,,,,,,,,,,,,,,,,,,,,,,,,,,,,,,,,,,,,,,,,,,,,,,,,,,,,,,,,,,,,,,
12,Czech,,,,,,,,,,,,,,,,,,,,,,,,,,,,FPR,,,PR,,,MSK,,,,PRTR,,,,,,,,,,,,,,,,HFT,,,,,,SNK,,,,,,,,,,ARL,,,,,,,,,,PRS,,SFKRF,,,,,,,,,,,,,,,,,,,,,,,,,,,,,,,,,,,,,,,,,,,,,,,,,,LTFN,,JSR,,,,,,,,,,,,,PLS,,,,,,,,,,,MSK,MTK,,,,,JMN,,,,,,,,,,,,,,,,,MS,,,,,,,,,,,,,,,,,,,MR,,,,,SSTR,,,,,,,SN,SN,,,,,,,,,,,,HST,,,,,,,,,,,,,,,,SLF,,,,,,,,,,,,,,,,,,FTF,,,SN,,,,,,
13,Dacian,,,,,,,,,,,,,,,,,,,,,,,,,,,,,,,,,,,,,,,,,,,,,,,,,,,,,,,,,,,,,,,,KN,,,,,,,,,,,,,,,,,,,,,,,,,,,,,,,,,,,,,,,,,,,,,,,,,,,,,,,,,,,,,,,,,,,,,,,,,,,,,,,,,,,,,,,,,,,,,,,,,,,,,,,,,,,,,,,,,,,,,,,,,,,,,,,,,,,,,,,,,,,,,,,,,,,,,,,,,,,,,,,,,,,,,,,,,,,,,,,,,,,,,,,,,,,,,,,,,,,,,,,,,,,,
14,Dutch,,,,M,,,,,,,,KRNTL,,,,,,,,,,,,,,,,,,,,,,,,,,,,,,,,,,,,,,,,,,,,,,,,,,,,,,,,,,,,,,,,,,,,,,,,,,,,,,,,,,,,,,,,,,,,,,,,,,,,,,,,,,,,,,,,,,,,,,,,,,,,,,,,,,,,,,,,,,,,,,,,,,,,,,,,,,,,,,,,,,,,,,,,,,,,,,,,,,,,,,,,,,,,,,,,,,,,,,,,,,,,,,,,,,,,,,,,,,,,,,,,,,,KRTXP,,,,,,,,,A,,,,,,,,,,,,,,,,,,,,
15,Eastern Baltic,,,,,,,,,,,,,,,,,,,,,,,,,,,,,,,,,,,,,,,,,,,,,,,,,,,,,,,,,,,,,,,,,,TRKST,,,,,,,,,,,,,,,,,,,,,,,,,,,,,,,,,,,,,,,,,,,,,,,,,,,,,,,,,,,,,,,,,,,,,,,,,,,,,,,,,,,,,,,,,,,,,,,,,,,,,,,,,,,,,,,,,,,,,,,,,,,,,,,,,,,,,,,,,,,,,,,,,,,,,,,,,,,,,,,,,,,,,,,,,,,,,,,,,,,,,,,,,,,,,,,,,,,,,,,,,,
16,English,ALTR,,,,,ARM,ARS,,AKS,,H,KRNTL,PRJ,PN,,PRT,,P,PX,AL,,AKRN,PRS,,STR,,,AFR,MTRF,,FR,AR,JRN,MR,,SPN,AAN,PR0R,,,PR,SLF,,,XN,,,,,KRN,,N,,K,KRN,RM,,,TTR,SNR,AST,T,,HNT,TR,0RST,ANT,,0RP,ARN,AR,PRTKRM,,KKN,ALN,AXLM,,,A,FR,F0R,SR,AKN,KRN,MT,AKR,,FSK,LNN,FL,,MJ,FM,FT,,PRF,,,,,TST,KS,AM,NF,,SMRN,,,,,,MNT,ARNN,HT,HSL,HFT,,AJL,FRSN,,MLT,HK,HRN,,,MR,TMPR,TKR,ASKL,TR,SFL,LNTN,HL,,ANN,,,KMP,,LT,,,,,LS,NT,,LKS,ARLF,LN,,MT,R,AR,,KRN,,MN,M0R,,MS,AR,NL,NM,NFL,MN,NST,NT,XR,NS,,,,RMSN,ATR,AKS,,,FFSL,LT,MN,,LK,MK,,,,AR,,HLM,KT,,AFR,FNTN,ART,RT,RJ,LKS,SLT,MR,A,,HP,,SSTR,FLMN,,NFL,SFN,TMN,NNTR,SN,SN,,SPR,,PRL,,,AKRN,,STR,KT,HMR,KST,SMR,SJL,,STN,S,SSN,TR,,0RN,,0RX,0NTR,TNK,,T0,,TR,0T,,ATR,AKN,X,AFR,,HRPRK,ASP,ATR,,F,FRS,RTR,AL,,AT,,ALF,KN,,AL,ARM,A0R,ASTRT,JK
17,English Old English,,,,,,,,SPNKLXSPN,,,,,,,,,,,,,,,,,,,,,,,,,,,,,,,,,,,,,,,,,,,,,,,,,,,,,,,,,,,,,,,,,,,,,,,,,,,,,,,,,,,,,,,,,,,,,,,,,,,,,,,,,,,,,,,,,,,,,,,,,,,,,,,,,,,,,,,,,,,,,,,,,,,,,,,,,,,,,,,,,,,,,,,,,,,,,,,,,,,,,,,,,,,,,,,,,,,,,,,,,,,,,,,,,,,,,,,,,,,,,,,,,,,,,,,,,,,,,,,,,,,,,,,,,,,,,,,,,,,,
18,French,,,,,,,,,,,,,,,,,,,,,,,,,,,,,,,,,,,,,,FRR,,,,,,,,,,,,,,,,,,,,,,,,,,,,,,,,,,,,,,,,,,,PR,,,,,,,,,,,,,,,,,,,,,,,NF,,,,,,,,,,,,,,,,,,,,,,,,,,,,,,,,,,,,,,,,,,,,,,,,,,,,,,,MR,,,,,NM,,,,,,,,,,,,,,,,,,,,,,,,,,,,,,,,,,,,,,,,,SSR,,,,,,,,,,,,,,,,,,,,HT,,,,,,,,,,,,,,,,,,,,,,,,,,,,,,,,,,FF,,,,,,,,,
19,Gaulish,ALS,,,,AFL,,,,,,KT,,PRF,,ARTS,,,PKS,PKKN,,,,,,TRPS,,,,,,,,,,,,,PRTR,,,,,,,,,,,,,KNTM,,,,,,,,TKSTR,,,,,KN,TR,,,,,,ASS,,,,,,,,,ARK,ATRNS,,,,,,,,,,,,,KNTTM,,PRKS,,,,,TFN,,AFNTR,N,,,,,,,,,,,,,,,,,MLSS,,KRNKS,,,MRKN,,,,,,,,,,,,,,LKS,,,,,,,,,AR,,MTK,,,ASRNS,,,,,MTR,,,,,,,MNKS,,,,,,,,,,,,,,,,,,,NRTPRK,,,,,,,,,,,KTRKS,,,,ARMRS,,,,,SR,,,,,,,,,,,,,,,,,,,AKNM,,,,ARLT,,,,,,,,,TRNS,,,,,TRFS,TT,,,ARTFSS,,,,TRKR,,,,,,RTMKS,,,,JMLS,FL,,,,,,,FRKTMNS
20,German,ALR,AN,ANK,,,ARM,ARX,ASP,AKS,,H0,KRNTL,PRK,PN,,PRT,,PN,P,,ANST,AKR,PR,,STR,,,APR,RF,,FR,,KRN,MRK,HHL,SPNFRKL,,PRTR,,,PR,SLP,,ASK,XN,,,,,KRN,,NT,,K,KRNX,RM,,,TKTR,XNR,ASTN,TK,,HNT,TR,TR,ANT,,0RF,ARN,AR,PRTKM,ANKRLNK,A,,,,KK,AK,FRKL,FTR,XHR,,KRK,MT,AXR,,FX,LNN,FL,,MK,FM,FS,,PRK,,,,AR,S,KNS,AHM,NF,,XMR,,,,,,FRMNT,ARNT,HS,HSL,HPT,HRS,AJL,FRSN,MS,MLT,HKN,HRN,,KRST,MR,SMPR,SR,AXL,ATR,KFR,LNT,,,,,,KMP,,LT,,,LFSNKLXLP,,LS,NS,,LKS,ARLF,,MTL,MT,R,ARS,,KRN,,MN,MTR,,MS,,NJL,NM,NPL,MN,NST,NKT,XR,NS,,,,,ATR,AKS,,,FSLT,LT,MN,,LK,MJN,,,,AR,,HLM,KT,,AFR,FNTN,ARS,RKT,RKN,LKS,SLS,MR,A,,HFT,,XSTR,FL,HRN,NPL,,TPN,NTR,XN,SN,,SPRLNK,,,,,ARN,,STR,KRT,HMR,KST,SMR,SN,LTN,XS,S,KSN,SHR,,TRN,,0RSKL,TNR,SNK,SKFT,SNT,,,TTSK,RP,ATR,AKN,AS,JK,,HR,AFS,ASR,,FH,,RT,,,AT,,ALF,KN,,AL,ARM,ATR,KSTRN,JX
21,German Elle,,,,,,,,,,,,,,,,,,,,,,,,,,,,,,,,,,,,,,,,,,,,,,,,,,,,,,,,,,,,,,,,,,,,,,,,,,,ALN,,,,,,,,,,,,,,,,,,,,,,,,,,,,,,,,,,,,,,,,,,,,,,,,,,,,,,,,,,,,,,,,,,,,,,,,,,,,,,,,,,,,,,,,,,,,,,,,,,,,,,,,,,,,,,,,,,,,,,,,,,,,,,,,,,,,,,,,,,,,,,,,,,,,,,,,,,,,,,,,,,,,,,,,,,,,,,,,,,,,,,,,,,,,,,,,,
22,Gothic,,,,,,ARMS,,,AKS,,,,,,,,,,,,,AKRN,,,STR,,,,,,FN,ARRSN,,,HH,,ASNN,PRR,,,,SLPN,,ATSK,KNS,,,,,KRN,KNT,NS,,,,,,,TTR,,,TKS,,HNTS,TR,RSS,,,RP,AR,AS,KM,,,ALN,,FK,,AK,,FR,SR,,KRS,MST,AKRS,,FSKS,LN,,MMS,,,FTS,,PRKH,,,,,TS,KNSS,A,,,SMRRR,,,,,SM,,ASNS,HTS,,HP,HRT,,FRSN,,ML,,HRN,,,,,,,,,,,,,,,,,LHH,,,,,,,,,AR,,,,,AS,,,,MN,,,,,,NM,,,,NTS,SKR,,,,,,,AX,,,,LTN,MN,,,,,,,,,,,,,FNNN,FRTS,RTS,,,SLT,MR,A,,HPS,,SSTR,FL,,,,TNS,NTRS,SNS,SNS,,SPR,,PRSNS,,,,,STRN,KSTS,,KSTS,,SL,,,SN,KSN,TKR,,,,,,TK,,TNNS,,TR,T,,,AHN,,AS,,HRJS,,AT,,FH,,,,,AT,,ALFS,KN,,AL,ARMS,ARS,JSTRTJS,JK
23,Greek,,,,,,,,,,,,,,,,,,,,,,,,,,,,,,,,,,,,,,,,,,,,,,,,,,,,,,,,,,,,,,,,,,,,,,,,,,,,,,,,,,,,,,,,,,,,,,,,,,,,,,,,,,,,,,,,,,,,,,,,,,,,,,,,,,,,,,,,,,,,,LTNK,,,,,,,,,,,,,,,,,,,,,,,,,,,,,,,,,,,,,,,,,,,,,,,,,,,,,,,,,,,,,,,,,,,,,,,,,,,,,,,,,,,,,,,,,,,,,,,,,,,,,,,,,,,,,,,,,,,,,,,,,,,,,,,
24,Hittite,ALNSN,HNS,HNK,,,,ARS,,,A,,,,,HRTK,,,,,,,,,,,MR,ASR,,,HST,PR,,KRT,,,,,,,,,SLP,,HTR,,,,SMKR,HM,,,,,,,,,,TTRTS,,,,,SNS,,,,PPRS,,HRN,ASTMN,TKN,,,,,,,,,,,,,,,AKNS,,,,,,,PTS,,PRK,,,,,,,,,,,,,,,,,,,,,KRTS,,PRSN,,MLT,,KRR,,,,,,AKN,,,,,,,,,,,LLKS,PRNS,,,,,,,,,,,,,,,,,ARMS,,,,A,,LMN,,,,NKS,,,,,,,,,,,,,,,,,,,ASN,,,,,,HP,,,,,,,,H,,,,,,,NPS,,T,,,,,,,,,,,,HSTRS,,AK,,,,,,,,,,,,,TRKSKS,,,,,TR,TS,,,,,,,,,ATR,,,,,,,,JM,,,,HLN,,AT,,AKN
25,Illyr.,,AN,,,,,,,,,,,,,,,,,,,,,,,,,,,,,,,,,,,,PR,,,,,,,,,,,,,,,,,,,,,,,,,,,,,,,,,,,,,,,,,,,,,,,,,,,,,,,,,,PRJNM,,,,,,,,,,,,,,,,,,,,,,,,,,,,,,,,,,,,,,ASRTS,,,,,,,,,,,,,,,,,,,,,,,,,,,,,,,,,,,,,,,,,,,,,,,,,,,,,,,,,,,,,,,,,SLP,,,,,,,,,,,,,,,,,,,,,,,,,,,,,,,,,,,,,,,,,,,,TT,,,,,,,,,,,,,,,,,,,,,,,,,
26,Irish,,,AK0,MRP,,,AR,,,ARN,K0,,,,,,,PX,,,,ARN,,A,TRP,SMR,,,KR,,,,,,JK,SN,ANL,PR0R,,,PRX,,,,JNK,,,SMX,,KRN,,NN,LK,P,,,,KTL,,,FR,,AK,K,TRS,TRM,,,T0RP,ARR,A,TN,,,ALN,,FSKR,KK,ANX,ARK,A0R,,,,,,,ASK,LN,,MR,,,,TT,PR,,,,HRP,T,KS,A,NKT,,SMR,T0R,KRM,,ALX,,,,KS,KL,,KRT,,,,ML,ALXNK,KRN,,,MRKK,,,AR,AN0R,KPXL,,,,AN,,HS,,,LSKM,,,,AXR,,SNT,,LK,FR,,,MT,KR,ARN,,PR,,M,M0R,,,,ANK,ANM,AMLKN,MN,NT,ANKT,,,,,,KRM,ATRRTR,,,,,LS,,,LX,MN,NRT,TPL,,FLP,,,,,,AS,FRM,R,,,SLN,MR,A,,,,SR,,,NM,SN,T0K,N0R,SNKT,S0,TL,SRX,,,SLK,ARK,,PK,,KT,,,SMRT,SL,L0K,,SK,ASKSM,TR,ARJ,TRN,,TRT,TRNT,TNK,,TT,,TRK,T0,,,FXM,,,,KR,FX,AS,,,,R0,KL,,FTP,KMRT,,PN,PRMK,ALN,,F0M,ANT,
27,Italian,,,,,,,,,,,,,,,,,,,,,,,,,,,,,,,,,,,,,,,,,,,,,,,,,,,,,,,,,,,,,,,,,,,,,,,,,,,,,,,,,,,,,,,,,,,,,,,,,,,,,,,,,,,,,,,,,,,,,,,,,,,,,,,,,,,,,,,,,,,,,,,,,,,,,,,,,,,,,,,,,,,,,,,,,,,,,,,,,,,,,,,,,,,,,,,,,,,,,,,,,,,,,,,,,,,,,,,,,,,,,,,,,,,,,,,,,,,,,,,,,,,,,,,,,,,,,,,,,,,,,,,KRMP,,,,,
28,Kamviri,,,,,,,,,,,,AKR,,,AK,,,,,,,,,,,,,,,AT,,,,,K,,,PR,,AR,,,SLNS,,,,,,,,,,,K,,,,,J,,,,,,T,,,,,,,,,,,,,,AS,,,KKKK,,,,,,,,,,,,,,,,,,,T,,,NF,,,,,,,SKPTNTTT,,,,,,SR,,,,,,SN,,,,,,,,,,,,,,,SM,,RK,,,,AN,,,,,,,,MR,,,,,,MS,MTR,,MS,AS,,NM,,,,,,NSR,,,,,,,,,,,MNS,,,,,PLM,,,,,,,,PT,,,,,,,,,,J,SS,,,NR,,,,,,,,,,PR,FST,,,RST,,,,,S,,,,,,,,,,,TK,,TT,,T,,,,,,,,,ASPK,,,,,,,SKPTNTTT,,S,,,,,,,,A
29,Kamviri Umbrian,,,,,,,,,,,,,,,,,,,,,,,,,,,,,,,,,,,,,,,,,,,,,,,,,,,,,,,,,,,,,,,,,,,,,,,,,,,,,,,,,,,,,,,,,,,,,,,,,,,,,,,,,,,,,,,,,,,,,,,,,,,,,,,TM,,,,,,,,,,,,,,,,,,,,,,,,,,,,,,,,,,,,,,,,,,,,,,,,,,,,,,,,,,,,,,,,,,,,,,,,,,,,,,,,,,,,,,,,,,,,,,,,,,,,,,,,,,,,,,,,,,,,,,,,,,,,,,,,,,,,,,,,,,,,,
30,Kashmiri,,,,,,,,,,,,,,,,,,,,,,,,,,,,,,,,,,MSNT,,,,P,,,,,,,,,,,,,,,,KF,,,,,,,,,,HN,,TRSHH,,,,,,SMN,,,,,,,,,PTR,,,,,,,,,,MS,MX,,,,,,,,,,,,,,,,,,,,,,,,,,,,,,,,,,,,,,,,,,,,,,,,,,,,,,,,,,,,MK,,,,,,,MJ,,,,,,NF,,,,,,,,,,,,,,,,,,,,,,,,,,,,,,,,,,,,,,,,,,,,,,,,,,,,,,,,,,,,,,,,,,,,,,,,,,,TT,,,,,,,,,,,,ATR,,,,,,,,,,SNN,,,,,,
31,Kashubian,,,,,,,,,,,,,,,,,,,,,,,,,,,,,,,,,,,,,,,,,,,,,,,,,,,,,,,,,,,,,,,,,,,,,,,,,,,,,,,,,,,,,,,,,,,,,,,,,,,,,,,,,,,,,,,,,,,,,,,,,,,,,,,,,,,,,,,,,,,,,,,,,,,,,,,,,,,,,,,,,,,,,,,,,,,,,,,,,,,,,,,,,,,,,,,,,,,,,,,,,,,,,,,,,,,,,,,,,,,,,,,,,,,,,,,,,,,,,TRN,,,,,,,,,,,,,,,,,,,,,,,,,,,,,,,
32,Khosti,,,,,,,,,,,,,,,,,,,,,,,,,,,,,,,,,,,,,,,,,,,,,,,,,,,,,,,,,,,,,,,,,TR,,,,,,,,,,,,,,,,,,,,,,,,,,,,,,,,,,,,,,,,,,,,,,,,,,,,,,,,,,,,,,,,,,,,,,,,,,,,,,,,,,,,,,,,,,,,,,,,,,,,,,,,,,,,,,,,,,,,,,,,,,,,,,,,,,,,,,,,,,,,,,,,,,,,,,,,,,,,,,,,,,,,,,,,,,,,,,,,,,,,,,,,,,,,,,,,,,,,,,,,,,,
33,Kurdish,,,,MR,,,,,,,,,,,HRS,,,,,,,,,,,,,PRS,,HST,,,,MS,,SNK,,PR,,,PR,,,,KP,,,,,,,,,K,KLNK,,,,TT,,,,,,,,,,,,K,,,HK,ANXK,FS,,,,PRS,PF,KSR,,,,,,,,,,MS,,P,,,RF,,,,,,,,,,,KRM,,PR,,,,,,,,JJ,PN,,,,,,,,,,,,,,,,,,,,,,,,LF,,,,PXK,,MR,,,,,,,,,,,,MSK,,NNK,NF,NFK,,,,,PS,,,,,,,,,,,,,,,,,,PRN,,,,PRS,,,R,,,,,,,,,,KXK,,SR,,,TF,,,,,,,,,,,,STR,,,,,,,,,,,,,,,,SMN,,TTN,KSL,,,,KHN,,,,,,,,,,,,,,,,,JN,,,,,T,
34,Latin,ALNS,ANS,ANKS,FRMK,,ARMS,,,AS,,,KRNT,,FP,ARSS,PRP,FRS,FKS,FKS,ALMN,ATRS,,FRKSNS,AFS,TRS,MRM,,FPRS,KRPS,KST,,ARKS,HRN,,,,ANMS,FRTR,KLS,ANTRSS,,,KLNS,ATR,JN,,,MKSL,AMLS,KRNM,KNTS,,,,KRS,,KRNKS,KTLS,,NRS,ARR,,NKS,KNS,FRS,TRR,ANS,,TRPS,,ARS,HMS,ANKL,AFM,ALN,,FSPR,KK,AKLS,PRKS,PTR,SKRS,,,,AKR,AKNS,PSS,LNM,PLKS,MMPRM,MSK,PMKS,PS,,FRTS,FLPS,ANKN,,ARS,TS,ANSR,FNKLS,NPS,,MTL,,,KRNT,PLS,SMS,MNS,ANN,AT,KRLS,KPT,KR,,PRNS,,ML,,SRFS,,FSTS,,TMS,LFR,,ATRS,,LMPS,,,AKNS,PKTS,AS,JM,,LKS,KRKS,,LPM,AKR,,,PLM,,FR,,MTL,MTS,KRR,AS,,,NPS,MNSS,MTR,,MS,AS,ANKS,NMN,AMPLKS,NKLS,NTS,NKS,KRS,NSS,,ASKLS,AFN,,LTR,,,SSR,PNS,LPR,MS,,LKS,,NRSS,TPLS,FNS,FRFKS,,KLMS,PTMN,,AMNS,PNTS,RTKS,RKS,,,SL,MR,AFS,KNKS,KPTS,,SRR,PLS,SRPRM,NPL,SMNS,FMS,NTRKS,NKS,,,PR,AK,FRN,LN,FR,FFR,PKLM,STL,,,HSTS,,SL,,STR,SS,TKN,LKRM,,,RMN,TRTS,TNR,LNK,KPS,TNTS,,TRS,,RPM,APR,FNSR,FKS,AFM,,,FSP,ANT,SR,PK,,RT,KLS,SLFS,FT,HMS,LPS,,,LN,FRMS,FTS,HR,AKM
35,Latvian,ALKSNS,,AKS,,APLS,,,APSS,,JJ,,KRT,,,,PRT,SFRS,PT,,ALS,FTRS,AK,PRSS,FST,TRNS,,ASNS,FPRS,,,,ARKSKS,SRN,SMTSNS,SK,SPNS,,PRLS,,ATR,,,,,STS,SRS,SRMKS,SMKRS,,SRNS,,NF,,KFS,TSR,RKS,,,,,ASM,,,SNS,TRFS,,,PRSL,TRP,ARKLS,AS,SM,,,ALKTS,FLKSN,FKRS,,AKS,,,,,,,,AKNS,,LN,PLS,MS,MS,,PT,PTS,,LPS,,,JRS,TFS,SS,,,SNS,,TTRS,SRM,,,,,,,,,SRTS,ASS,,MS,,,SRSS,SKPRTS,KRST,,NMS,TFRS,AS,,,,SNKSL,ASRS,,PKSS,,SPS,,LKS,,,,AKNS,,NT,PLSS,LSS,FRS,KLF,,MTS,KRFL,,SFSTS,TSRNS,,MNS,MT,,,AST,NKS,,NP,,,NKTS,,NSRTKNS,,AS,AS,SRMKSS,,,,,,LTS,,,,MKS,,,,,,SLMS,,,AP,,,,RTS,LSS,SLS,MR,AFS,,,,,PLN,,TPS,,TM,,SNKS,,TLPT,,ASMS,,,FSR,FFR,PKSTT,,,AKMNS,,,SL,LT,SFTR,SFNS,,ASR,ARSLS,TRJNS,RMNS,STRSTS,,,KPLS,,,TRF,TT,,,FKT,FSS,,PST,KRS,,ATNS,KR,,PR,RTS,,,FTS,SMS,FLKS,,,FLN,,,,JKT
36,Lithuanian,ALKSNS,ANT,ANK,,APLS,,,APS,,JF,,KRNTS,,,,PRST,SFRS,PT,,ALS,FTRS,AK,PRSS,FST,TRS,,,FPR,,,,,SRN,MTRNNSMJNS,SK,SPNS,ANT,PRLS,,JNT,PRFS,,SLNS,,SNTS,SRS,MTRNNSRMKSNS,SMKRS,,SRNS,KMPS,NFT,,,KRF,RKT,SRK,,TKT,,ASR,,NSLS,SNKLRKSTFSN,TRS,TRKST,ANTS,PRKST,TRP,ARLS,ASS,SM,ANKRS,,ALKTS,FNKSN,FKRS,KK,AKS,PRSS,,SSRS,,,,,AKNS,,LNS,PLS,MS,MS,PT,PT,TLPS,,LP,,KLJ,ARKS,TFS,ARLRFRNTTSNSS,AFNS,NPTS,SNS,SMRSS,TTRF,MTRNNKRMNS,KRTS,,,,,,KSLS,,SRTS,ASS,PNTNS,MSS,,KNJ,SRS,SKRPLS,KRS,,NMS,TFRS,ASS,,,,KNKL,ASRS,,,,SMPS,KRKL,LK,,MLN,LP,JKNS,LL,,PLS,LSS,FRS,KLFS,,MTS,KRJS,,SFSTS,JRN,,MN,MTRS,KRS,,MTRNNSTS,NKS,,,,LSTS,NKTS,SRS,NSS,,ASLS,AFS,KRMS,ATR,,,KK,,LTS,SMKS,,LKMN,MSS,NRS,,,,FRNS,,,PRSS,AP,,,,RKS,LSS,SLTS,MRS,AFS,,,,SS,PLN,,TPSS,SPNS,TM,,SNKS,SNS,TLPT,,ASMS,,PLSNS,FSR,FFR,PKSTLT,,,AKM,,,SL,LTP,SLTS,,,ASR,MTRNNRSLS,TRNS,RM,STRSTS,,LSFS,KPT,TNTS,SLF,TRF,TT,RP,ATRT,FKT,FSS,,PST,KRS,FPSF,FNT,KRS,PKS,PRS,RTS,,,FTS,SM,FLKS,,,FLN,FRMS,FTS,,JNKS
37,Low Saxon,,,,,,,,,,,,,,,,,,,,,,,,,,,,,,,,,,,,,,,,,,,,,,,,,,,,,,,,,,,,,,,,,,,,,,,,,,,,,,,,,,,,,,,,,,,,,,,,,,,,,,,,,,,,,,,,,,,,,,,,,,,,,,,,,,,,,,,,,,,,,,,,,,,,,,,,,,,,,,,,,,,,,,,,,,,,,,,,,,,,,,,,,,PL,,,,,,,,,,,,,,,,,,,,,,,,,,,,,,,,,,,,,,,,,,,,,,,,,,,,,,,,,,,,,,,,,,,,,,,,,,,,,,,,,,
38,Luwian,,,,,,,,,,,,,,,,,,,,,,,,,,,AXRR,,,HS,,,,,,,,,,,,,,,,,,,,,,,,,,,,,TTR,,,,,,,,,,,,,TKMM,,,,,,,,,,,,,,,,,,,,,,PT,,,,,,,TTT,,,,,,,,,,,,,,,,,,,,MLTT,,,,,,,,,,,,,,,,,,,LHH,,,,,,,,,,,,MT,,,,,,,,,,,,,,,,,,,,,,,,,,,,,,,,,ANRM,,,,,,,,HPN,,,,,,,,H,,,,,,,TPSS,,,,,,,,,,,,,,,,,KS,,,,,,,,,,,,TRNTT,,,,,TRJ,,,,,,,,,,,,,,,KLT,,,,AL,ANT,,,,,,
39,Lycian,,,,,,,,,,,,,,,,,,,,,,,,,,,ASN,,,,,,,,,,,,,,,,,,,,,,,,,,,,,,,,,,,,,,,,,,,,,,,,,,,,,,,,,,,,,,,,,,,PT,,PRJ,,,,,S,,,,,,,,,,,,,,,,KRT,,,,,,,,,,,,,,,,,,,,,,,LK,,,,,,,,,,,,,,,,,,,,,,,,,,,,,,,,,,,,,,,,,,,,,,,,,,,,,,,,,,,,,SP,,,,,,,TPHS,,,,,,,,,,,,,,,,,,,,,,,,,,,,,TRKNT,,,,,,TT,,,,,,,,,,,,,,,,,,,,,,,,,
40,Lydian,,,,,,,,,,,,,,,,,,,,,,,,,,,,,,,,,,,,,,PRFRR,,,,,,,,,,,,,,,,,,,,,,,,,,KNN,,,,,,,,,,,,,,,,,,,,,,,,,,,,,,,,,,,,,TF,,,,,,,,,,,,,,,,,,,,,,,,,,,,,,,,,,,,,,,,,,,,,,,,,,,,,,,,,,,,,,,,,,,,,,,,,,,,,,,,,,,,NRS,,,,,,,,,,,,,,,,,,,,,,,,,,,,,,,,,,,,,,,,,,,,,,,,,,,,,,,,,,,,,,,,,,,,,,,,,,,,,,,,,,,
41,Macedonian,,,,,,,,,,,,,,,,PRT,,,,,,,,,,,,,,KSK,,,,MSK,,,,,SLF,,,,,,,,,,,,,,,,,,,,KRK,SNK,,,,,,,,,,,AF,,,,LKKT,,,,,,TTK,,,,,,,,,,MS,,,,,,,,,,,,FK,FNK,,,,,,,,,,,,,SRS,,,,,,,,,,,,,ATRP,,,,,,,,,,,,,,TSJR,,,,,,,,,,,,,,,MK,,,AST,NKT,AM,,,,,,,,,,,,,,,,,MS,,,,,,,,,,,,,,,,,,,,,,,,,,,,,,,,SN,,,,,SLSN,,,,,,,KSTNN,,,,,,,,,,,,,,,,,,,,,,,,PK,,,,,,,,,,FTFK,,,,,,,,,
42,Middle Armenian,,,,,,,,,,,,,,,,,,,,,,,,,,,,,,,,,,,,,,,,,,,,,,,,,,,,,,,,,,,,,,,,,,,,,,ARR,,,,,,,,,,,,,,,,,,,,,,,,,,,,,,,,,,,,,,,,,,,,,,,,,,,,,,,,,,,,,,,,,,,,,,,,,,,,,,,,,,,,,,,,,,,,,,,,,,,,,,,,,,,,,,,,,,,,,,,,,,,,,,,,,,,,,,,,,,,,,,,,,,,,,,,,,,,,,,,,,,,,,,,,,,,,,,,,,,,,,,,,,,,,,,,,,,,,,,
43,Old Armenian,,HN,,MRJN,,ARMKN,AR,,,,,,,,ARJ,,,,,,,,PRT,H,,MR,ARN,,,ASKR,HR,,JR,,S,STN,HF,AAPR,,NR,,,,HT,KNT,,,MRKK,,,,,,KF,KRNK,,,,TSTR,N,,,,SN,TRN,TTRMM,,,,ARR,ANKN,,,J,ALKK,,,KKKR,AKN,,,SKSR,,,,ART,,,,L,MS,MN,,ATN,,PRJR,AAS,,,ARK,T,,H,,ST,,TTRK,,KRKT,,,,,,,,SRT,ASN,,,MR,,SR,,KRSM,,TN,TKR,,,,,,,,,,KMM,,LS,,,,,,ANK,,LSNNKK,,,,,,,,ARKN,,AMS,MR,LRN,MKN,,AANN,ANN,,,NST,,KKRT,,,,,,,,,SSRN,,,,JN,LK,,AR,,KN,KRN,,,,,,HN,,,,,AA,,HF,,,,KKR,,SR,,KKN,,,,,,,,,PPKN,KRN,,,ASTT,,,,AMRN,,,KKRTN,,,ARTSR,ARJKK,,,,,LS,,ATMN,,KR,,,,FK,,,,,,KT,,ASR,,,,AAJ,,JMRN,,KN,,,ARTN,,,LK
44,Old Church Slavonic,,,,MRF,APLK,RM,,,,,KTR,,PRFN,,,PRT,SFR,PSL,,AL,,AKT,PRS,,TR,,,,,,,,,,,,FNJ,PRTR,SLF,,PRF,,,,,,,,,SRN,,NF,,,,,SRK,,TST,SNKS,,,,,,,,PRKS,,,AX,SML,,AJS,PKT,,,,AK,,,,,,MST,,AKN,,LN,,,,PN,PS,,,,,,JRN,TF,,A,NSTR,,,,SRMN,KRT,,,,,,,,SRTS,,,,,,,,,,,TFR,,,,,,JSR,AKN,,,,KRK,LS,,,,,,,,,,,,MT,KRF,,,,,MSS,MT,KR,MS,,NKT,AM,,,NST,NSTT,SFR,NS,,,AFS,,FTR,,,,,LTJ,MS,,,MSN,,PLJ,,,,,,PRS,,PT,,,,,SL,,,,,,SSTR,,,NP,SN,TM,,SNK,SN,,,AKL,PRSN,SLSN,FSN,,,,,,KST,,SLNS,,,,,,,,,TRSK,,,KPJ,,SLF,,,RP,,FK,FS,,,,FS,FT,,,PR,,,SL,FTF,SM,FLK,SN,SRP,FLN,FRM,FTKS,,AK
45,Old East Slavic,,,,,,,,,,,,,,,,,,,,,,,,,,,,,,,,,,,,,,,,,,,,,,,,,,,,,,,,,,,,,,,,,,,,,,,,,,,,,,,,,,,,,,,,,,,,,,,,,,,,,,,,,,,,,,,,,,,,,,,,,,,,,,,,,,,,,,,,,,,,,,,,,,,PLS,,,,,,,,,,,,,,,,,,,,,,,,,,,,,,,,,,,,,,,,,,,,,,,,,,,,,,,,,,,,,,,,,,,,,,,,,,,,,,,,,,,,,,,,,,,,,,,,,,,,,,,,,,,,,,,SL,,,,,,,,,,
46,Old English,,,,,PLNKLXPL,,,,,,,,,,,,,,,,,,,,,,,,,,,,,,,,,,,,,,,,,,,,,,,,,,,,,,,,,,,,,,,,,,,,,,,,,,,,,,,,,,,,,,,,,,,,,,,,,,,,,,,,,,ANKLXSNTTPLNT,,,,,,,,,,,,,,,,,,,,,,,,,,,,,,,,,,,,,,,,,,,,,,,,,,,,,,,,,,,,,AKNKLXK,,,,,,,,,,,,,,,,,,,,,,,,,,,,,,,,,,,,,,,,,,,,,,,,,,,,,,,,,,,,,,,,,,,,,,,,,,,,,,,,,,,,,,,,,,,,,,,,
47,Old High German,,,,,APFLKRMNPFL,,,,,,,,,,,,,,,,,,,,,,,,,,,,,,,,,,,,,,,,,,,,,,,,,,,,,,,,,,,,,,,,,,,,,,,,,,,,,,,,,,,,,,,,,,,,,,,,,,,,,,,,,,SM,,,,,,,,,,,,,,,,,,,,,,,,,,,,,,,,,,,,,,,,,,,,,,,,,,,,,,,,,,,,,KRMNKRMNX,,,,,,,,,,,,,,,,,,,,,,,,,,,,,,,,,,,,,,,,,,,,,,,,,,,,,,,,,,,,,,,,,,,,,,,,,,,,,,,,,,,,,,,,,,,,,,,,
48,Old Irish,,,,,APL,,,,,,,,,,,,,,,,,,,,,,,,,,,,,,,,,,,,,,,,,,,,,,,,,,,,,,,,,,,,,,,,,,,,,,,,,,,,,,,,,,,,,,,,,,,,,,,,T,,,,,,,,,,,,,,,,,,,,,,,,,,,,,,,,,,,,,,,,,,,,,,,,,,,,,,,,,,,,,,,,,,,,,,,,,,,,ARX,,,,,,,,,,,,,,,,,,,,,,,,,,,,,,,,,,,,,,,,,,,,,,,,,,,,,,,,,,,,,,,,,,,,,,,,,,,,,,,,,SLN,,,,,,,,,,
49,Old Latin,,,,,,,,,,,,,,,,,,,,,,,,,,,ASR,,,,,,,,,,,,,,,,,,,,,,,,,,,,,,,,,,,,,,,,,,,,,,,,,,,,,,,,,,,,,,,,,,,,,,,,,,,,,,,,,,,,,,,,,,,,,,,,,,,,,,,,,,,,,,,,,,,,,,,,,,,,,,,,,,,,,,,,,,,,,,,,,,,,,,,,,,,,,,,,,,,,,,,,,,,,,,,,,,,,,,,,,,,,,,,,,,,,,,,,,,,,,,,,,,,,,,,,,,,,,,,,,,,,,,,,,,,,,,,,,
50,Old Norse,ALR,,ANJ,MR,APL,ARMR,ARS,ASP,KS,,HH,KRNT,PR,PN,,PRRR,,P,PK,AL,,AKRN,PJRK,,STJR,,,JFR,,,FR,ARFR,KRN,MRKR,,SPN,ANT,PRR,,,PRN,,LN,,KN,SR,,,,KRN,,NR,,K,TRN,RJM,,HH,TTR,SNR,ASTR,TKR,NKLFR,HNTR,TR,R,ANT,FRS,RP,AR,AR,KM,,AK,ALN,,,,AK,,FR,SFFR,,KR,,AKR,,FSKR,LN,FL,,M,,FTR,,PJRK,,AKFN,,,TR,KS,,,,SMJR,R,,,,,,AN,HTR,HSL,HF,JRT,AKL,,MS,,HK,HRN,,KRST,MR,TMPR,,JK,R,KPTR,LNT,L,,,,,KMPR,,LKR,,,,,LS,,,,FR,LNR,,MJR,RR,AR,,KFRN,,MN,MR,,MS,AS,,NFN,NFL,MN,,NT,SKR,NS,,AK,,,ATR,AKS,,,FSL,LR,MR,JLNR,LKR,MJ,,,,FR,,HLMR,KF,,,FN,ART,RTR,RKR,LKS,SLT,,R,,,,SSTR,FLTR,JRN,NFLL,SFFN,TN,NR,SNJR,SNR,,SPR,AJN,PR,,FR,AKRN,,STJRN,KTR,HMR,KSTR,SMR,SN,,SFT,SR,,TR,,,,RSTR,R,TNK,SKPT,TN,,TR,J,,JKR,FK,,A,,HR,,FTN,,F,,RL,JL,,,K,ALFR,KN,,AL,ARMR,FR,AKKR,AK
51,Old Persian,,,,,,,,,,,,,,,,,,,,,,,,,,,,,,,,,,,,,,,,,,,,,,,,,,,,,,,,,,,,,,,,,,,,,,,,,,,,,,,,,,,,,,,,,,,,,,,,,,,,,,,,,,,,,,,,,,,,,,,,,,,,,,,,,,,,,,,,,,,,,,,,,,,,,,,,,,,,,,,,,,,,,,,,,,,,,,,,,,,,,,,,,,,,,,,,,,,,,,,,,,,,,,,,,,,,,,,,,,,,,,,,,,,,,,,,,,,,,,,,,,,,,,,,,,,,,,,,,,SKPTNTTT,,,,,,,,,,
52,Old Prussian,ALSKNT,AN,,,APL,ARM,,APS,,,,,,PP,,,SRNS,PT,,AL,,,PRS,,TRS,,,APRN,,,PN,,,MSJN,SNS,SPNS,,PRT,,,APR,,,,,,,,,SRN,,NS,,,KR,,,,TKT,,,,,SNS,TRS,,ANTS,,,ARLS,ASNS,SM,ANKRJS,,ALTS,,,,AKS,PRSXN,,,,,,,,,LN,,MNS,MS,SPN,PT,,,,,,ARSXN,TS,SNS,AS,,,,TTRS,JRMS,,,,,ASNS,,,,SR,,,MSS,,,SRS,,,,,,,,,,,ASRN,,,,,,,,MLT,,,,,PLT,LSS,ARS,,,MT,KR,,,JRNS,,MNK,MT,,,AST,,AMNS,NPS,,,NKTN,,NS,,,AS,,,,,,,LTS,,,,TNTMKS,,,,,,SLM,,,AP,PNTS,,,RJS,LLS,SL,MR,ANS,,,,SSTR,PLNS,KRPTS,,,TMS,,SNJS,SNS,,SPRKLS,ASMS,,PLSN,,AR,,,,,,,SL,,,,,,,,,,,ANSS,ARNKP,,,TRN,TT,,,,ASPTN,,,KRJS,APS,ANTN,,PK,PR,,KLN,,AT,SM,ALKS,JN,,ALNS,ARMNN,,,
53,Old Slavonic Perun,,,,,,,,,,,,,,,,,,,,,,,,,,,,,,,,,,,,,,,,,,,,,,,,,,,,,,,,,,,,,,,,,,,,,,,,,,,,,,,,,,,,,,,,,,,,,,,,,,,,,,,,,,,,,,,,,,,,,,,,,,,,,,,,,,,,,,,,,,,,,KTFSK,,,,,,,,,,,,,,,,,,,,,,,,,,,,,,,,,,,,,,,,,,,,,,,,,,,,,,,,,,,,,,,,,,,,,,,,,,,,,,,,,,,,,,,,,,,,,,,,,,,,,,,,,,,,,,,,,,,,,,,,,,,,,,,
54,Ormuri,,,,,,,,,,,,,,,,,,,,,,,,,,,,,,,,,,,,,,,,,,,,,,,,,,,,,,,,,,,,,,,,SPK,,,,,,,K,,,ANKK,,,,,,,,,,,,,,,,,,,,,,,,,,,,,,,,,,,,,,,,,,,SL,,,,,,,,,,,,,,,,,,,,,,,,,,,,,,,,,,,,,,,,,ML,,,,,NKKX,,,,,,,NN,,,,,,,,,,,,,,,,,,,,,,,,,,,,,,,,,,,,,,,,,,,,,,,,,,,,,,,,,,,,,,,,S,,,,,,,,,,,,,,,,,,AKK,,,,,,,,,,,,,,,,
55,Oscan,,,,,,,,,,,,,,,,,,,,,,,,,TRF,,,,,,PRS,,,,,,ANMM,FRTRM,,,,,,,,,,,,,,,,PFF,,,,,,,,,,,,,,,TRPM,,,HNTRS,,,,,,,,,PTR,,,,,,,,,,,,,,,,,,,,TF,,,,,,,,,,,,,KTSMNT,,,,,,,,,,,,,,,,,,,,,,,,,,LFKS,,,,,,,,,,,,,,,,,,,MTRS,,,,,,,,,,,,,,,,,,SKPTNTTT,,,LFFRS,,,,,NR,,,,,,,,,,,RKTR,,,,,,,,,,,,,,MFT,,,,,,,FR,,,,,,,,,,,,,,,,,,,,,,,,,,TT,,,FNKTR,,,,,,,,,,,,SKPTNTTT,,,,,,,,FSK,,
56,Ossetian,,,NKR,,,ARM,,,,JJ,,,,,RS,,,,,,,,PRS,,,,,,,,,,,,,,,RFT,,,,KRF,,,,,,,,,,,,0RSNPNSS,,,,,,,,,,,,,,,,,,SSKS,,,,,,,,,FT,,,,,,,,,,,,FNK,FT,,,,,,,,,,,,,,KLM,,,,,,,,,SSRTT,ASN,,,,,SK,,,,,,,,,,,,,,,,,,,,,,,,,,,,,MT,,,,,,MMJ,MT,,,,,,,,,,,,,,,,ART,,,,,,,,,,,,,,,,,FRS,,,,,,,,,,,,,,,SSR,,,,,,,,,,,,,,,S0L,,,,,,,,,,,,,,,,,,TTNTK,,,,,,,,,,,,,,,,,KLKS,,,,,,,,,,,
57,Palaic,,,,,,,,,,,,,,,,,,,,,,,,,,,,,,,,,,,,,,,,,,,,,,,,,,,,,,,,,,,,,,,,,,,,,,,,,,,,,,,,,,,,,,,,,,,,,,,,,,,,,TS,,,,,,,,,,,,,,,,KRTT,,,,MLTT,,,,,,,,,,,,,,,,,,,,,,,,,,,,,,,,,,,,,,,,,,,,,,,,,,,,,,,,,,,,,,,,,,,,,,,,HPNS,,,,,,,,,,,,,,,,,,,,,,,,,,,,,,,,,,,,,,,,,,,,,,,,,,,,,,,,,,,,,,,,,,,,,,,,,,,
58,Pashto,,NK,,,,,,,,,,,,,AK,,TSR,,,,NS,,,,,,,,,,,,,MSK,,,,RR,,AR,RTS,,KNT,,,,,,,,KT,,,K,SN,,KRK,,LR,NKR,,,,SP,AR,,HL,,,,KK,TSMK,,HJ,,,,,,,PLR,KK,,,,,,,,FRK,,MX,,PK,,,,,,,,,,,,,,,,,,,,,,,SR,SSK,,,,,KKR,,,,,LR,,,,,,,,,,,,,,,,TSKR,,,,,,,,,,,XT,,,MXT,MR,KR,MKK,,NK,NM,,,MNTSL,,,,,,,,,,,,,,MR,,,,,,,,RK,,,,,,AL,,,,,,,,,,KR,,,,KP,LK,NTK,,S,,,,,,,,,STR,,,,,,,KL,,,,,ASK,,,TNTR,JP,,,,LRK,,,,,,,,,,,,,,,,,,JM,L,KTS,,AR,,,,
59,Persian,,,,MRS,,,,,,JF,,,,,SRS,,,,,,,,,,,,,,,ASTKSN,,,,MKS,SKS,PSTN,,PRTR,,,APR,KRP,,,KN,,,,,,,,,KF,,RKN,,,TKSTR,,,,,SK,TFR,,,,,,KS,SMN,,S,ARN,,,KK,,,PTR,,,,MST,,,,,,,MKS,,P,TS,PRS,RP,,,,,KS,,NF,,,TTRF,KRM,,,,,,,,,,,PSN,,,KNK,SKS,,,,,,AK,,,,,,,,,,,,,,LP,JKR,,,,,,,,,,AHN,,,,M,MTR,,MS,,NL,NM,NF,,,,,NHM,,,,,,,,,,,,,,,NR,,AT,PR,,,,,,PM,RS,RST,,,,,,,SN,,SHR,,SR,,SP,TT,,,,,PRST,,,,PHR,FRFR,,STR,,ASMN,,,FRN,,,,TS,,,,,,TNTR,HSPN,KFT,TNTN,,TRKST,,,,,,,,KRSR,,,,,,,KRK,,PF,T,FRK,SN,,KRS,,,TK,AK
60,Phrygian,,,,,,,,,,,,,,,,,,,,,,,,,,,,,,,,,,,,,,PRTR,KLRS,ANTR,,,,,ASN,,,,,,,,,,,,,,,,,,,KNS,,,,,,,,SMLN,,,,,,,,,,,,,,,,,,,,,,,,,,,,,TS,,,,,,,,,,,,,,,,,AKSS,,,,,,,,,,,,,,,,,,,,,,,,,,,,,,,,,,,,,,,,,MTR,,,,,,,,,,,,,,,,,,,,,,,,,,ANR,PLS,,,,,,,,,,,,,,,,,,,,,,,,,,,,,,,PRS,,,,,,,,,,,,,,,,,,,,,,,,,,,,,,,,,,,PT,,,,,,,,,,NK,,,,,,
61,Polish,ALX,,,MRK,,,,,,,,KRST,,PP,,PRT,SRS,SS,PK,,,JKT,PRSS,,TR,,,APRS,KRP,KSK,PRSN,,,MSK,,,AN,PRT,S,JTR,PR,,,,,SR,SRSN,,,SRN,KT,,,,SR,,SRK,,,SNX,,,,SK,TRS,,,PRX,,ARS,,SM,AKRS,JJ,KK,AS,ASR,,AK,PRS,,SKR,,,,,AJN,PSKRS,LN,PXX,,MX,,PS,,,,,KLJ,,TS,KS,AJ,NSR,SN,SMR,STRS,SR,KRT,,,,JSN,,,,SRS,JS,,,,,KR,KRP,0RTNNKKK,,TM,TSRS,KR,,,LTS,,JSR,JN,,,KP,,S,PRN,,,,,,,RS,,KLN,MTK,MT,KR,,,SRN,,,MTK,KR,MS,,NJTK,AM,,,NST,NK,,,ARSX,,AS,,ATR,,,,,LT,MS,JTT,,PLS,NR,,,,RN,SSM,,,,,,,,SS,SL,,AK,,,,SSTR,,,NP,,TM,,SNK,SN,,,AKK,,SLTSN,ASN,ARK,,,SRTS,KMN,KSK,,SSNS,,,SN,,TRSK,,SRN,,TRST,,,,,S,TRS,,RSP,AM,AK,AS,,,KR,AS,AT,,,,,K,ST,T,SM,ALK,SN,SRP,AN,,ATK,,
62,Portuguese,,,,,,,,,,,,,,,,,,,,,,,,,,,,,,,,,,,,,,,,,,,,,,,,,,,,,,,,,,,,,,,,,,,,,,,,,,,,,,,,,,,,,,,,,,,,,,,,,,,,,,,,,,,,,,,,,,,,,,,,,,,,,,,,,,,,,,,,,,,,,,,,,,,,,,,,,,,,,,,,,,,,NM,,,,,,,,,,,,,,,,,,,,,,,,,,,,,,,,,,,,,,,,,,,,,,,,,,,,,,,,,,,,,,,,,,,,,,,,,,,,,,,,,,,,,,,,,,,,,,,,,,,,,,,,
63,Protoslavonic,,,,,,,,,,,,,,,,,,,,,,,,,,,,,,,,,,,,,,,,,,,,,,,,,,,,,,,,,,,,,,,,,,,,,,,,,,,,,,,,,,,,,,,,,,,,,,,,,,,,,,,,,,,,,,,,,,,,,,,,,,,,,,,,,,,,,,,,,,,,,,,,,,,,,,,,,,,,,,,,,,,,,,,,,,,,,,,,,,,,,,,,,,,,,,,,,,,,,,,,,,,,,,,,,,,,,,,,,,,,,,,,,,,SLNN,,,,,,,,,,,,,,,,,,,,,,,,,,,,,,,,,,,,,,,,,
64,Russian,ALLKS,FNK,AKL,MRFJ,JPLKPLXJPPK,,,,,AFN,,KRJT,PRFN,PP,,PRT,SFRR,PSL,PK,,,JKT,PRJS,,TR,,,FPRR,,ASTF,,RKT,,MSK,SK,,FNN,PRT,SLFK,JTRFF,PRFF,,,,,SR,SRJMKS,,,SRN,KT,NFF,,KFJT,SRFLL,,SRK,KTTTS,TKK,SNKS,ATR,,,SK,TFRR,,ATK,PRKS,,ARJL,AS,SML,AKRR,JJK,LKTTT,FJS,FSR,KKTT,AK,PRS,,SFKRFF,,SRTT,MST,,AKNN,PSKRR,LN,PLKS,MJS,MKS,PN,PSJ,PSKS,PRK,,,KLJ,,TF,KSS,AJ,NSTR,SN,,TTRF,SRFF,KRT,,,,ASNN,,,,SRTS,JS,,MKS,,KKTT,KRF,KRP,,,TM,TFRR,AKR,,,LTFJ,,ASR,JKNJNK,PKS,,SP,AKRK,LK,,MLNJ,LPSTT,AKR,,NT,LKSKJ,RSS,,KLN,MTK,MJT,KRFF,,,SRNF,,MSK,MTT,KR,MSS,AST,FNKRRNLRTNL,AMJ,,,NST,NKK,SFR,NS,ARKS,,AFJS,SRMS,FTR,,,,,LT,MS,,,MSN,NRF,PLLSJ,,,FRN,SLM,,,,PTT,FRT,,RSS,LSSS,SLL,MR,AFK,,,,SSTR,PLN,SRP,NP,SN,TM,,SNK,SN,TLP,,AKL,,SLSJNK,FSN,FFRK,,,SRTT,KMNN,KSTT,,SLNS,PLT,,SFN,,,,TJRN,,TRST,,JSK,SP,TSN,SLFF,TRF,,RP,FMJ,FK,FSS,,PST,KR,AS,FT,,,PRJ,,KLS,,FTF,SM,FLK,SN,SRPJNK,FLN,,FTKSJ,,AK
65,Saka,,,,,,,,,,,,,,,,,,,,,,,,,,,,,,,,,,,,,,,,,,,,,,,,,,,,,,,,,,,,,,,,,,,,,,,,,,,,,,,,PS,,,,,,,,,,,,,,,,,,,,,,,,,,,,,,,,,,,,,,,,,,,,,,,,,,,,,,,,,,,,,,,,,,,,,,,,,,,,,,,,,,,,,,,,,,,,,,,,,,,,,,,,,,,,,,,,,,,,,,,,,,,,,,,,,,,,,,,,,,,,,,,,,,,,,,,,,,,,,,,,,,,,,,,,,,,,,,,,,,,,,,,,,,,,
66,Sanskrit,,,ANKS,FMR,,ARM,,,,AF,STT,,,,RKS,,,,,,ATR,,PRJS,FS,,,ASRJ,FPT,KRP,AS0,,,HR,MJNN,SK,STN,ANS,PRTR,,ATR,PR,SRPS,SRN,,HN,,,SMSR,,,,,,KS,,,,,THTR,SNS,ASS,AHR,NST,SFN,TFR,TRST,ATS,TSTTNTTTT,,,AS,KS,,,AN,,,,AKSNTTTTT,,PTR,SFSR,AKS,KR,MT,AJR,AKN,,,PLS,MMS,,FN,PT,TS,PRT,,,,,TF,KNTR,,NPT,,,PRTRJ,KRM,,PL,SM,,,RSTS,,KPXL,RT,,PRSN,MS,,,SRS,,,,TM,TFR,,,,,KNKL,,,PKSS,AS,JMP,KSK,RKT,,,,,,,KLMN,,FR,,MT,MT,KRFS,AS,KSFTT,KRFN,,MS,MTR,JRS,MS,ASNNNTTT,FNKRRNL,NMN,NP,MN,NT,NKT,,NS,,,,,ATR,AKSN,,,PSS,RTT,MN,,,,NR,PL,FSN,ARN,,,RPR,PRSS,AP,PN0,,RJN,,,SLL,MRT,AFK,SNK,SPT,J,SFSR,,SRS,NPS,SFPNS,TM,,SNH,SN,TLP,,,,PLHN,FSNT,,,STRPS,,ASMN,,SM,SRS,,SFTT,SKR,JST,ASR,,FN,RMN0,,TNT,JF,,TNTM,,TR,,,ATR,,FS,A,,,,ATN,,PS,PR,R0,KKR,SRF,FTT,HMNT,FRK,JN,,ARN,,FTS,HS,ANKT
67,Scottish Gaelic,,,,,,,,,,,,,,,,,,,,,,,,,,,,,,,,,,,,,,,,,,,,,,,,,,,,,,,,,,,,,,,,,,,,,,,,,,,,,,,,,,,,,,,,,,,,,,,,,,,,,,,,,,,,,,,,,,,,,,,,,,,,,,,,,,,,,,,,,,,,,,,,,,,,,,,,,,,,,,,,,,,,,,,,,,,,,,,,,,,,,,,,,,,,,,,P0,,,,,,,,,,,,,,,,,,,,,,,,,,,,,,,,,,,,,,,,,,,,,,,,,,,,,,,,,,,,,,,,,,,,,,,,,,,,,
68,Sebian,,,AK,,,,,,,,,,,,,,,,,,,,,,,,,,,,,,,,,,,,,,,,,,,,,,,,,,,,,,,,,,,,,,,,,,,,,,,,,,,,,,,,,,,,,,,,,,,,,,,,,,,,,,,,,,,,,,,,,,,,,,,,,,,,,,,,,,,,,,,,,,,,,,,,,,,,,,,,,,,,,,,,,,,,,,,,,,,,,,,,,,,,,,,,,,,,,,,,,,,,,,,,,,,,,,,,,,,,,,,,,,,,,,,,,,,,,,,,,,,,,,,,,,,,,,,,,,,,,,,,,,,,,,,,,
69,Serb.,,,,,,,,,,,,,,,,,,,,,,,,,,,,,,,,,,,,,,,,JTRF,,,,,,,,,,,,,,,,,,,,SNJ,,,,,,,,,,,,,,,,,,,,,,SFKRF,,,,,,,,,,,,,,,,,,,,,AJK,NKK,,,,,,,,,,,,,,,,,,,,,,,,TFR,,,,,,,,,,,,,,,,,,,,,,,,,,,,,,,MTR,,,,,,,,,,,,,,,,,,,,,,,,,,,,,,,,,,,,,,,,,,,,,,,,,,,,,,,,,,,,,,,,,,KST,,,,,,,,,,,,,,,,,,,,,,,,,,,,,,,,,,ATFK,,,,,,,,,
70,Serbian,,FMLMMPR,,MRF,JPK,,,JSK,SKR,JKM,,KRT,PRFN,,,PRT,SFR,PSL,PKF,,,JKT,PRS,PTK,,,,FPR,,KST,,STRL,KRF,MSK,,PRS,,PRT,,,,,,STRK,,SR,TRSNJ,ASM,,SRN,KT,,ANKK,KRF,STRL,,PLKKT,AKT,KSR,,SR,,,KR,TFR,,PTK,,,AR,AH,,JKL,JJ,LKT,,FSS,KK,AK,PRS,,,,,,,,,LN,PH,MS,MH,,STPL,,PRK,LSK,,LPK,ANKKT,,KSK,,,,MST,TTRP,KLST,ASPLS,,,,JSN,,,,SRS,JS,PT,MSN,,KK,RK,KRP,,MRKF,TM,,,ATRP,KPK,LTJ,KSKKLN,,JNJ,,,,,TRX,,MNJ,,JTR,FS,NJT,,RS,,,MTK,MT,PLT,,,SRFNJ,,MSK,,,MS,AST,NKT,AM,,TM,NST,NK,SFR,NS,,RST,AFS,,FTR,,,KRSK,PS,LT,,JL,LKF,M,,,,AFN,KFRN,,,RPR,,PT,KRNJ,KRLJ,RS,,SL,,AFK,SKLK,KK,,,,,NP,,,,SNK,SN,,FRPK,AKL,PRSN,SLSN,KTSFSPRNK,FFRK,,SFST,KRT,,,,SNS,,,SFNJ,,,,TRN,,TRST,,JSK,KPK,,,TRF,,,KRT,,,,PST,,AS,,FSK,,,KTR,KL,,,SM,FK,SN,TRP,FN,KRF,,JS,JRM
71,Serbo-Croatian,,ANK,,,,,,,,,,,,,,,,,,,ATRP,,,,,,,,,,,,,,,,,,SF,,APRF,,,,,,,,,,,,,,,,,,,,,,,,,,,,,,,,,,,,,,,,,,,,,,,,,,,,,,,,,,,,,,,,,,,,,,,,,,,,,,,,,,,,,,,,,,,,,,,,,,,,,,,,,,PLK,,,,,,,,,,,,,,,,,,,,,,,,,,,,,,,,,,,,,,,,,,,,,,,,,,,,,,,,,,,,,,,,,,,,,,,,,,,,,,,,,,,,,,,,,,,,,,,,,,,,,,,,,,,,,,,,,,,,,,,,,
72,Silesian,,,,,,,,,,,,,,,,,,,,,,,,,,,,,,,,,,,,,,,,,,,,,,,,,,,,,,,,,,,,,,,,,,,,,,,,,,,,,,,,,,,,,,,,,,,,,,,,,,,,,,,,,,,,,,,,,,,,,,,,,,,,,,,,,,,,,,,,,,,,,,,,,,,,,,,,,,,,,,,,,,,,,,,,,,,,,,,,,,,,,,,,,,,,,,,,,,,,,,,,,,,,,,,,,,,,,,,,,,,,,,,,,,,,,,,,,,,,,TNTR,,,,,,,,,,,,,,,,,,,,,,,,,,,,,,,
73,Slovak,,FNK,,MRFK,JPLK,RMN,,,,,,,,,,PRT,SFR,FSL,PK,,ATRP,JHT,PRS,,TR,MRS,,,,KST,,,,MSK,,,,PRT,,,PRF,,,,,,SRSN,,,,,,,HFT,SRF,,STRK,KTTS,TSR,,,,,SK,,,,PRK,,ARL,AX,SM,AHR,,LKT,,FSR,KKT,AK,PRS,,SFKR,,,,,AHN,,,PLX,MS,MX,PN,PS,,,,,KLJ,,,HS,AJ,,SN,,TTRF,SRF,,,,,JSN,,,,SRTS,JS,,,,,,RP,,,,,,ATRP,,,,JSR,JN,,,,,LK,,,,,,NT,PLK,RS,,KLN,,,KRF,,,,,MSK,MTK,HR,MS,AST,NT,MN,,,NST,NK,SFR,NS,ARX,,,,FTR,,,,,,MS,,,,,,,PRN,FRN,,,,,,,,,LSS,,MR,AFK,,,,SSTR,,,NP,,TM,,SN,SN,,,,,SLSN,,FFRK,,,SRT,KMN,HST,,SLNS,PLT,,SFN,,,,TRN,,TRST,,JSK,,TSN,,TRF,,RP,FM,,,,PK,,AS,FT,,,,,,,FTF,SM,FLK,SN,SRP,,,FX,,
74,Slovenian,,,,,,,,,,,,,,,,,,,,,,,,,,,,,,,,,,,,,,,,,,,,,,,,,,,,,,,,,,,,,,,,,,,,,,,,,,,,,,,,,,,,,,,,,,,,,,,,,,,,,,,,,,,,,,,,,,,,,,,,,,,,,,,,,,,,LTFK,,,,,,,,,,,,,,,PLK,,,,,,,,,,,,,,,,,,,,,,,,,,,,,,,,,,,,,,,,,,,,,,,,,,,,,,,,,,,,,,,,,,,,,,,,,,,,,,,,,,,,,,,,,,,,,,,,,,,,,,,,,,,,,,,,,,,,,,,,,
75,Spanish,,,,,,,,,,,,,,,,,,,,,,,,,,,,,,,,,,,,,,,,,,,,,,,,,,,,,,,,,,,,NR,,,,,,,,,,,,,,,,,,,,,PTR,SKR,,,,,,,,,,,,,,,,,,,,,APL,NT,,,,,,,,,,,,,,,,,,,,,,,,,,,,,,,,,,,,,,,,,,,,,,,,,,,,,,,MTR,,,,,NMPR,,,,,,,,,,,,,,,,,,,,,,,,,,,,,,,,,,,,,,,,,,,,,,,,,,,,,,,,,,,,,,,,,,,,,,,,,,,,,,,,,,,,,,,,,,,,,,,FT,,,,,,,,,
76,Thracian,,,,,,,,,,,,,,,,,,,,,,,PRSS,,,,,APRS,,,,,,,,,,,,,,,,,,,,,,,,,,,,,,,,,,,,TN,TR,,,,,,,SML,,,,,,,,,,,,,,,,,,,,,,,,PRKS,,,,,,,,,,,,,,,,,,,,,,,,,,,,,,,,,,,,,,,,,,,,,,,,,,,,,,,,,,,,,,,,,,,,,,,,,,,,,,,,,,,,,,,,,,,,,,,,,,,,RSS,,,,,,,,,,,,,,,,,SKS,,,,,,,,,,,,,,,,,,,,,,,,,,,,,,,,,,,,,,,ATRNS,,,,,,,,,,,,,,,,
77,Tocharian,,,,ARM,,,,,,,KT,,,,,,SR,,,,,AK,,,,,ASR,,,AST,PR,,,MSNT,,,ANKM,PRKR,,,PRN,SLP,,AT,SNM,,,,,,,NT,,K,,,,,KKR,,,,NK,K,TR,,,PRS,,,,TKM,,,,,,,AK,,PKR,,,,,,,,,,MS,,,P,,PRK,,,,,,,,,,SMR,,,,,,,,,,,,,,,,,,,KRS,,TM,,,,,,,,,PSKN,,KM,,LK,,,,,,,,,AR,,,MT,,,,,,MN,MKR,,,,,NM,,,,NKS,,,,,,,,,,,,,,,,,,,,AR,RN,KLMMTS,,,AP,,ATSK,RK,,LKS,SL,,A,,,,SR,,KRN,,SPN,T,,SNKTSTS,SMSK,TSLP,SPR,,,,,,,SR,,,,SM,SNS,,,S,,AKRN,,,,,,KNT,,,,AR,,,,,AK,AM,,,,AR,,,,,KKL,ASL,,SMPR,ALK,SN,,,,,,AK
78,Umbrian,,,,,,,,,,,,,,,,,,,,,,,,AFF,,,,APRF,,,PR,ARSLTF,,,,,,FRTRM,,,,,,,,,,,,,,,,PM,,,KRNK,KTL,,,,,,,FR,,,,TRMN,,,HNTM,,,,,,,,PRK,PTR,,,,,AKR,,,,,,,,PR,,,,,,ART,T,,,,,,,,,,,,,,,,,,,,,,,KRP,,,,,,,,,,,SKPTNTTT,,,,,FFSS,,,,,,,,,FR,,,,,AHSNS,,,,,MTRR,,,,,NM,,,,,,,,,,,,,,,,,,,,,NRF,,,,,,,,,,,,,,SL,,AFM,,,,,,,,,,,,,,PRFM,,FR,,,,,,,,,,,,,SF,,,,,,,,,,,,,TTM,,,,,,,,,ATR,,,,,,SKPTNTTT,AF,,,,,,,,,
79,Venetic,,,,,,,,,,,,,,,,,,,,,,,,,,,,,,,,,,,,,,FRTR,,,,,,,,,,,,,,,,,,,,,,,,,,,,,,,,,,,,,,,,,,,,,,,,,,,,,,,,,,,,,,,,,,,,,,,,,,,,,,,,,,,,,,,,,,,,,,,,,,,,,,,,,,,,,,,,,,,,,,,,,,,,,,,,,,,,,,,,,,,,,,,,,,,,,,,,,,,,,,,,,,,,,,,,,,,,,,,,,,,,,,,,,,,,,,,,,,,,,,,,,,,,,,,,,,,,,,,,,,,,,,,,,,,,,,
80,Waneci,,,,,,,,,,,,,,,,,,,,,,,,,,,,,,,,,,,,,,,,,,,,,,,,,,,,,,,,,,,,,,,,,,,,,,,,,,H,,,,,,,,,,,,,,,,,,,,,,,,,,,,,,,,,,,,,,,,,,,,,,,,,,,,,,,,,,,,,,,,,,,,,,,,,,,,,,,,,X,,,,,,,,,,,,,,,,,,,,,,,,,,,,,,,,,,,,,,,,,,,,,,,,,,,,,,,,,,,,,,,,,,,,,,,,,,,,,,,,,,,,,,,,,,,,AJT,,,,,,,,,,,,,,,,,,,,,
81,Waziri,,,,,,,,,,,,,,,,,,,,,,,,,,,,,,,,,,,,,,,,,,,,,,,,,,,KS,,,,,,LKR,,,,,,,,,,,,,,,,,,,,,,,,,,,,,,,,,,,,,,,,,,,,,,,,,,,,,,,,,,,KPR,,,,,,,,,,,,,,,,,,,,,,,,,,,,,,,,,,,,,,,,,,,,,,,,,,,,,,,,,,,,,,,,,,,,,,,,,,,,,,,,,,,,,,,,,,,,,,,,,,,,,,,,,,,,,,,,,,,,,,,,,,,,,,,,,,,,,,,,,,,,,,,,,,,,,,,,
82,Welsh,,,ANKT,,AFL,,,,,,KT,,,FN,AR0,PRF,,PJJR,,,,ARN,,T,TR,MRN,,,KRF,ASKRN,,,,,,,ANT,PRT,,,,,KLN,,JN,,,,,KRN,,NN,L,P,KRN,,,,,,KR,,ANJ,S,TR,,,,TRP,ARR,,TN,,A,ALN,,AXR,KK,ANP,,KLTR,KKR,,,,,,PSKTN,LN,,,,,,,PR,,,,,T,,A0R,N,,MR,,PRF,,,,,,KS,KLN,,KRT,,,,ML,,KRN,,,MRX,T,,A,,,,,,AN,,,,,LK,,,LFR,,L,NT,,,KR,KLN,MTK,MT,KR,HRN,,PRN,NT,MS,MTRP,,,,AN,AN,,MNKL,N0,NS,,,,,,KRF,,,AS,,,LS,,,,MJN,NR0,PLX,,,,,PTN,,,,KRT,R,,,HLN,MR,AK,,KKF,,KR,,,NF,HN,T,NTR,NF,,,,,PR,,KNN,KR,PK,SRN,,,,HF,HL,LT,KS,X,,TKRN,,TRN,RMN,TRT,TRN,TFT,,TNT,,TRN,,,,KX,,,,,,KR,,,,RT,,HL,KT,KF,KLJ,PN,,KLN,KRNT,,T,A
